INSERT INTO control_access_service (service, position)
VALUES
    ('control',10),
    ('tasks',20),
    ('calendar',30),
    ('promo',40),
    ('cpa',50),
    ('payment',60),
    ('reference',70)
ON CONFLICT (service) DO UPDATE SET
    position = EXCLUDED.position,
    updated_at = now();

INSERT INTO control_method_group (service, group_key, position)
VALUES
    ('control','audit',10),
    ('control','global_invite',20),
    ('control','global_limit',30),
    ('control','global_member',40),
    ('control','global_owner',50),
    ('control','global_role',60),
    ('control','method',70),
    ('control','workspace',80),
    ('control','workspace_invite',90),
    ('control','workspace_member',100),
    ('control','workspace_owner',110),
    ('control','workspace_role',120),
    ('tasks','group',10),
    ('tasks','localization',20),
    ('tasks','partner',30),
    ('tasks','reward',40),
    ('tasks','sequence',50),
    ('tasks','stats',60),
    ('tasks','task',70),
    ('tasks','import_export',80),
    ('calendar','calendar',10),
    ('calendar','localization',20),
    ('calendar','operation',30),
    ('calendar','reward',40),
    ('calendar','stats',50),
    ('calendar','step',60),
    ('calendar','import_export',70),
    ('promo','localization',10),
    ('promo','promo',20),
    ('promo','redemption',30),
    ('promo','reward',40),
    ('promo','stats',50),
    ('promo','import_export',60),
    ('cpa','assignment',10),
    ('cpa','code',20),
    ('cpa','localization',30),
    ('cpa','offer',40),
    ('cpa','reward',50),
    ('cpa','stats',60),
    ('cpa','import_export',70),
    ('payment','asset',10),
    ('payment','catalog',20),
    ('payment','fulfillment',30),
    ('payment','limit',40),
    ('payment','localization',50),
    ('payment','order',60),
    ('payment','payment',70),
    ('payment','provider',80),
    ('payment','purchase_key',90),
    ('payment','refund',100),
    ('payment','stats',110),
    ('payment','subscription',120),
    ('payment','import_export',130),
    ('reference','item',10),
    ('reference','localization',20),
    ('reference','stats',30),
    ('reference','import_export',40)
ON CONFLICT (service, group_key) DO UPDATE SET
    position = EXCLUDED.position,
    updated_at = now();

INSERT INTO control_method (method_key, service, group_key, position)
VALUES
    ('calendar.calendar.delete','calendar','calendar',30),
    ('calendar.calendar.read','calendar','calendar',10),
    ('calendar.calendar.write','calendar','calendar',20),
    ('calendar.localization.delete','calendar','localization',30),
    ('calendar.localization.read','calendar','localization',10),
    ('calendar.localization.write','calendar','localization',20),
    ('calendar.operation.read','calendar','operation',10),
    ('calendar.export','calendar','import_export',10),
    ('calendar.import.preview','calendar','import_export',20),
    ('calendar.import','calendar','import_export',30),
    ('calendar.reward.delete','calendar','reward',30),
    ('calendar.reward.read','calendar','reward',10),
    ('calendar.reward.write','calendar','reward',20),
    ('calendar.stats.read','calendar','stats',10),
    ('calendar.step.delete','calendar','step',20),
    ('calendar.step.write','calendar','step',10),
    ('control.global.invite.create','control','global_invite',20),
    ('control.global.invite.list','control','global_invite',10),
    ('control.global.invite.revoke','control','global_invite',30),
    ('control.global.limit.list','control','global_limit',10),
    ('control.global.limit.approve','control','global_limit',20),
    ('control.global.limit.reject','control','global_limit',30),
    ('control.global.limit.cancel','control','global_limit',40),
    ('control.global.workspace_limit.request','control','global_limit',50),
    ('control.global.member.list','control','global_member',10),
    ('control.global.member.remove','control','global_member',20),
    ('control.global.owner.transfer','control','global_owner',10),
    ('control.global.role.create','control','global_role',10),
    ('control.global.role.get','control','global_role',20),
    ('control.global.role.list','control','global_role',30),
    ('control.global.role.update','control','global_role',40),
    ('control.global.role.delete','control','global_role',50),
    ('control.global.role.member.assign','control','global_role',60),
    ('control.global.role.member.remove','control','global_role',70),
    ('control.global.role.permission.list','control','global_role',80),
    ('control.global.role.permission.replace','control','global_role',90),
    ('control.global.workspace.create','control','workspace',10),
    ('control.workspace.get','control','workspace',20),
    ('control.workspace.list','control','workspace',30),
    ('control.workspace.update','control','workspace',40),
    ('control.workspace.archive','control','workspace',50),
    ('control.workspace.invite.create','control','workspace_invite',10),
    ('control.workspace.invite.list','control','workspace_invite',20),
    ('control.workspace.invite.revoke','control','workspace_invite',30),
    ('control.workspace.member.list','control','workspace_member',10),
    ('control.workspace.member.remove','control','workspace_member',20),
    ('control.workspace.owner.transfer','control','workspace_owner',10),
    ('control.workspace.employee_limit.request','control','workspace_owner',20),
    ('control.workspace.employee_limit.cancel','control','workspace_owner',30),
    ('control.workspace.role.create','control','workspace_role',10),
    ('control.workspace.role.get','control','workspace_role',20),
    ('control.workspace.role.list','control','workspace_role',30),
    ('control.workspace.role.update','control','workspace_role',40),
    ('control.workspace.role.delete','control','workspace_role',50),
    ('control.workspace.role.member.assign','control','workspace_role',60),
    ('control.workspace.role.member.remove','control','workspace_role',70),
    ('control.workspace.role.permission.list','control','workspace_role',80),
    ('control.workspace.role.permission.replace','control','workspace_role',90),
    ('control.global.method.get','control','method',10),
    ('control.global.method.list','control','method',20),
    ('control.global.audit.list','control','audit',10),
    ('control.workspace.audit.list','control','audit',20),
    ('cpa.assignment.event.list','cpa','assignment',10),
    ('cpa.assignment.get_user','cpa','assignment',30),
    ('cpa.assignment.list','cpa','assignment',20),
    ('cpa.code.add','cpa','code',20),
    ('cpa.code.delete_available','cpa','code',30),
    ('cpa.code.delete_completed','cpa','code',40),
    ('cpa.code.delete_issued','cpa','code',50),
    ('cpa.code.list','cpa','code',10),
    ('cpa.localization.delete','cpa','localization',30),
    ('cpa.localization.list','cpa','localization',10),
    ('cpa.localization.upsert','cpa','localization',20),
    ('cpa.offer.delete','cpa','offer',40),
    ('cpa.offer.get','cpa','offer',10),
    ('cpa.offer.list','cpa','offer',20),
    ('cpa.offer.upsert','cpa','offer',30),
    ('cpa.reward.delete','cpa','reward',30),
    ('cpa.reward.list','cpa','reward',10),
    ('cpa.reward.upsert','cpa','reward',20),
    ('cpa.stats.daily.list','cpa','stats',10),
    ('cpa.stats.get','cpa','stats',20),
    ('cpa.export','cpa','import_export',10),
    ('cpa.import.preview','cpa','import_export',20),
    ('cpa.import','cpa','import_export',30),
    ('payment.asset.read','payment','asset',20),
    ('payment.asset_rate.read','payment','asset',10),
    ('payment.catalog.delete','payment','catalog',40),
    ('payment.catalog.read','payment','catalog',10),
    ('payment.catalog.write','payment','catalog',20),
    ('payment.catalog_cache.rebuild','payment','catalog',30),
    ('payment.fulfillment.read','payment','fulfillment',10),
    ('payment.fulfillment.status.write','payment','fulfillment',20),
    ('payment.limit.delete','payment','limit',20),
    ('payment.limit.read','payment','limit',10),
    ('payment.localization.delete','payment','localization',30),
    ('payment.localization.read','payment','localization',10),
    ('payment.localization.write','payment','localization',20),
    ('payment.order.read','payment','order',10),
    ('payment.order.status.write','payment','order',20),
    ('payment.payment_attempt.read','payment','payment',10),
    ('payment.payment_event.read','payment','payment',20),
    ('payment.provider.read','payment','provider',20),
    ('payment.provider_transaction.read','payment','provider',10),
    ('payment.purchase_key.read','payment','purchase_key',10),
    ('payment.purchase_key.write','payment','purchase_key',20),
    ('payment.refund.execute','payment','refund',40),
    ('payment.refund.read','payment','refund',10),
    ('payment.refund.status.write','payment','refund',20),
    ('payment.refund.write','payment','refund',30),
    ('payment.stats.read','payment','stats',10),
    ('payment.subscription.read','payment','subscription',10),
    ('payment.subscription.status.write','payment','subscription',20),
    ('payment.export','payment','import_export',10),
    ('payment.import.preview','payment','import_export',20),
    ('payment.import','payment','import_export',30),
    ('promo.localization.delete','promo','localization',30),
    ('promo.localization.read','promo','localization',10),
    ('promo.localization.write','promo','localization',20),
    ('promo.promo.delete','promo','promo',30),
    ('promo.promo.read','promo','promo',10),
    ('promo.promo.write','promo','promo',20),
    ('promo.redemption.read','promo','redemption',10),
    ('promo.reward.delete','promo','reward',30),
    ('promo.reward.read','promo','reward',10),
    ('promo.reward.write','promo','reward',20),
    ('promo.stats.read','promo','stats',10),
    ('promo.export','promo','import_export',10),
    ('promo.import.preview','promo','import_export',20),
    ('promo.import','promo','import_export',30),
    ('reference.item.change_type','reference','item',40),
    ('reference.item.delete','reference','item',50),
    ('reference.item.read','reference','item',10),
    ('reference.item.restore','reference','item',30),
    ('reference.item.write','reference','item',20),
    ('reference.localization.delete','reference','localization',30),
    ('reference.localization.read','reference','localization',10),
    ('reference.localization.write','reference','localization',20),
    ('reference.stats.read','reference','stats',10),
    ('reference.export','reference','import_export',10),
    ('reference.import.preview','reference','import_export',20),
    ('reference.import','reference','import_export',30),
    ('tasks.group.localization.write','tasks','group',10),
    ('tasks.group.write','tasks','group',20),
    ('tasks.localization.write','tasks','localization',10),
    ('tasks.partner.config.read','tasks','partner',10),
    ('tasks.partner.config.write','tasks','partner',30),
    ('tasks.partner.reward.delete','tasks','partner',50),
    ('tasks.partner.reward.write','tasks','partner',40),
    ('tasks.partner.stats.read','tasks','partner',20),
    ('tasks.reward.delete','tasks','reward',20),
    ('tasks.reward.write','tasks','reward',10),
    ('tasks.sequence.write','tasks','sequence',10),
    ('tasks.stats.read','tasks','stats',10),
    ('tasks.export','tasks','import_export',10),
    ('tasks.import.preview','tasks','import_export',20),
    ('tasks.import','tasks','import_export',30),
    ('tasks.task.delete','tasks','task',10)
ON CONFLICT (method_key) DO UPDATE SET
    service = EXCLUDED.service,
    group_key = EXCLUDED.group_key,
    position = EXCLUDED.position,
    updated_at = now();
INSERT INTO control_method (method_key, service, group_key)
VALUES
    ('tasks.task.write','tasks','task')
ON CONFLICT (method_key) DO UPDATE SET
    service = EXCLUDED.service,
    group_key = EXCLUDED.group_key,
    updated_at = now();

INSERT INTO control_localization (localization_key, locale, value)
VALUES
    ('control.access_service.calendar.title','ru','Календари'),
    ('control.access_service.calendar.title','en','Calendars'),
    ('control.access_service.calendar.description','ru','Управление календарями, шагами, наградами и статистикой.'),
    ('control.access_service.calendar.description','en','Manage calendars, steps, rewards, and statistics.'),
    ('control.access_service.control.title','ru','Управление доступом'),
    ('control.access_service.control.title','en','Access control'),
    ('control.access_service.control.description','ru','Управление рабочими областями, ролями, участниками и аудитом.'),
    ('control.access_service.control.description','en','Manage workspaces, roles, members, and audit.'),
    ('control.access_service.cpa.title','ru','CPA'),
    ('control.access_service.cpa.title','en','CPA'),
    ('control.access_service.cpa.description','ru','Управление CPA-офферами, кодами, наградами и статистикой.'),
    ('control.access_service.cpa.description','en','Manage CPA offers, codes, rewards, and statistics.'),
    ('control.access_service.payment.title','ru','Платежи'),
    ('control.access_service.payment.title','en','Payments'),
    ('control.access_service.payment.description','ru','Управление платежным каталогом, провайдерами, заказами и возвратами.'),
    ('control.access_service.payment.description','en','Manage payment catalog, providers, orders, and refunds.'),
    ('control.access_service.promo.title','ru','Промокоды'),
    ('control.access_service.promo.title','en','Promos'),
    ('control.access_service.promo.description','ru','Управление промокодами, наградами и статистикой активаций.'),
    ('control.access_service.promo.description','en','Manage promos, rewards, and redemption statistics.'),
    ('control.access_service.reference.title','ru','Справочник'),
    ('control.access_service.reference.title','en','Reference'),
    ('control.access_service.reference.description','ru','Управление элементами справочника, локализациями и статистикой.'),
    ('control.access_service.reference.description','en','Manage reference items, localizations, and statistics.'),
    ('control.access_service.tasks.title','ru','Задания'),
    ('control.access_service.tasks.title','en','Tasks'),
    ('control.access_service.tasks.description','ru','Управление заданиями, партнерскими заданиями, наградами и статистикой.'),
    ('control.access_service.tasks.description','en','Manage tasks, partner tasks, rewards, and statistics.'),
    ('control.method.control.workspace.get.description','ru','Разрешает: Просмотр рабочей области.'),
    ('control.method.control.workspace.get.description','en','Allows: View workspace.'),
    ('control.method.control.workspace.list.description','ru','Разрешает: Список рабочих областей.'),
    ('control.method.control.workspace.list.description','en','Allows: List workspaces.'),
    ('control.method.control.workspace.update.description','ru','Разрешает: Изменение рабочей области.'),
    ('control.method.control.workspace.update.description','en','Allows: Update workspace.'),
    ('control.method.control.member.list.description','ru','Разрешает: Список участников рабочей области.'),
    ('control.method.control.member.list.description','en','Allows: List workspace members.'),
    ('control.method.control.invite.create.description','ru','Разрешает: Создание приглашения.'),
    ('control.method.control.invite.create.description','en','Allows: Create workspace invite.'),
    ('control.method.control.invite.list.description','ru','Разрешает: Список приглашений рабочей области.'),
    ('control.method.control.invite.list.description','en','Allows: List workspace invites.'),
    ('control.method.control.role.create.description','ru','Разрешает: Создание роли.'),
    ('control.method.control.role.create.description','en','Allows: Create workspace role.'),
    ('control.method.control.role.get.description','ru','Разрешает: Просмотр роли.'),
    ('control.method.control.role.get.description','en','Allows: View workspace role.'),
    ('control.method.control.role.list.description','ru','Разрешает: Список ролей рабочей области.'),
    ('control.method.control.role.list.description','en','Allows: List workspace roles.'),
    ('control.method.control.role.update.description','ru','Разрешает: Изменение роли.'),
    ('control.method.control.role.update.description','en','Allows: Update workspace role.'),
    ('control.method.control.role_member.set.description','ru','Разрешает: Назначение роли участнику.'),
    ('control.method.control.role_member.set.description','en','Allows: Assign role to member.'),
    ('control.method.control.role_member.remove.description','ru','Разрешает: Снятие роли с участника.'),
    ('control.method.control.role_member.remove.description','en','Allows: Remove role from member.'),
    ('control.method.control.role_permission.list.description','ru','Разрешает: Список прав роли.'),
    ('control.method.control.role_permission.list.description','en','Allows: List role permissions.'),
    ('control.method.control.role_permission.set.description','ru','Разрешает: Изменение права роли.'),
    ('control.method.control.role_permission.set.description','en','Allows: Update role permission.'),
    ('control.method.control.role_permission.clear.description','ru','Разрешает: Очистка прав роли.'),
    ('control.method.control.role_permission.clear.description','en','Allows: Clear role permissions.'),
    ('control.method.control.method.get.description','ru','Разрешает: Просмотр доступа.'),
    ('control.method.control.method.get.description','en','Allows: View access method.'),
    ('control.method.control.method.list.description','ru','Разрешает: Список доступов.'),
    ('control.method.control.method.list.description','en','Allows: List access methods.'),
    ('control.method.control.audit.list.description','ru','Разрешает: Список аудита рабочей области.'),
    ('control.method.control.audit.list.description','en','Allows: List workspace audit.'),
    ('control.method.cpa.offer.upsert.description','ru','Разрешает: Управление CPA-офферами.'),
    ('control.method.cpa.offer.upsert.description','en','Allows: Manage CPA offers.'),
    ('control.method.cpa.offer.get.description','ru','Разрешает: Просмотр CPA-оффера.'),
    ('control.method.cpa.offer.get.description','en','Allows: View CPA offer.'),
    ('control.method.cpa.offer.list.description','ru','Разрешает: Список CPA-офферов.'),
    ('control.method.cpa.offer.list.description','en','Allows: List CPA offers.'),
    ('control.method.cpa.offer.delete.description','ru','Разрешает: Удаление CPA-оффера.'),
    ('control.method.cpa.offer.delete.description','en','Allows: Delete CPA offer.'),
    ('control.method.cpa.localization.upsert.description','ru','Разрешает: Управление локализациями CPA.'),
    ('control.method.cpa.localization.upsert.description','en','Allows: Manage CPA localizations.'),
    ('control.method.cpa.localization.list.description','ru','Разрешает: Список локализаций CPA.'),
    ('control.method.cpa.localization.list.description','en','Allows: List CPA localizations.'),
    ('control.method.cpa.localization.delete.description','ru','Разрешает: Удаление локализации CPA.'),
    ('control.method.cpa.localization.delete.description','en','Allows: Delete CPA localization.'),
    ('control.method.cpa.reward.upsert.description','ru','Разрешает: Управление наградами CPA.'),
    ('control.method.cpa.reward.upsert.description','en','Allows: Manage CPA rewards.'),
    ('control.method.cpa.reward.list.description','ru','Разрешает: Список наград CPA.'),
    ('control.method.cpa.reward.list.description','en','Allows: List CPA rewards.'),
    ('control.method.cpa.reward.delete.description','ru','Разрешает: Удаление награды CPA.'),
    ('control.method.cpa.reward.delete.description','en','Allows: Delete CPA reward.'),
    ('control.method.cpa.code.add.description','ru','Разрешает: Добавление CPA-кодов.'),
    ('control.method.cpa.code.add.description','en','Allows: Add CPA codes.'),
    ('control.method.cpa.code.list.description','ru','Разрешает: Список CPA-кодов.'),
    ('control.method.cpa.code.list.description','en','Allows: List CPA codes.'),
    ('control.method.cpa.code.delete_available.description','ru','Разрешает: Удаление доступных CPA-кодов.'),
    ('control.method.cpa.code.delete_available.description','en','Allows: Delete available CPA codes.'),
    ('control.method.cpa.code.delete_issued.description','ru','Разрешает: Удаление выданных CPA-кодов.'),
    ('control.method.cpa.code.delete_issued.description','en','Allows: Delete issued CPA codes.'),
    ('control.method.cpa.code.delete_completed.description','ru','Разрешает: Удаление завершенных CPA-кодов.'),
    ('control.method.cpa.code.delete_completed.description','en','Allows: Delete completed CPA codes.'),
    ('control.method.cpa.assignment.get_user.description','ru','Разрешает: Просмотр назначения пользователя.'),
    ('control.method.cpa.assignment.get_user.description','en','Allows: View user CPA assignment.'),
    ('control.method.cpa.assignment.list.description','ru','Разрешает: Список CPA-назначений.'),
    ('control.method.cpa.assignment.list.description','en','Allows: List CPA assignments.'),
    ('control.method.cpa.assignment.event.list.description','ru','Разрешает: События CPA-назначений.'),
    ('control.method.cpa.assignment.event.list.description','en','Allows: List CPA assignment events.'),
    ('control.method.cpa.stats.get.description','ru','Разрешает: Статистика CPA.'),
    ('control.method.cpa.stats.get.description','en','Allows: View CPA statistics.'),
    ('control.method.cpa.stats.daily.list.description','ru','Разрешает: Дневная статистика CPA.'),
    ('control.method.cpa.stats.daily.list.description','en','Allows: View daily CPA statistics.'),
    ('control.method.cpa.export.description','ru','Разрешает: Экспорт CPA-данных.'),
    ('control.method.cpa.export.description','en','Allows: Export CPA data.'),
    ('control.method.cpa.import.preview.description','ru','Разрешает: Предпросмотр импорта CPA-данных.'),
    ('control.method.cpa.import.preview.description','en','Allows: Preview CPA data import.'),
    ('control.method.cpa.import.description','ru','Разрешает: Импорт CPA-данных.'),
    ('control.method.cpa.import.description','en','Allows: Import CPA data.'),
    ('control.method.calendar.calendar.write.description','ru','Разрешает: Управление календарями.'),
    ('control.method.calendar.calendar.write.description','en','Allows: Manage calendars.'),
    ('control.method.calendar.calendar.read.description','ru','Разрешает: Просмотр календарями.'),
    ('control.method.calendar.calendar.read.description','en','Allows: View calendars.'),
    ('control.method.calendar.calendar.delete.description','ru','Разрешает: Удаление календарями.'),
    ('control.method.calendar.calendar.delete.description','en','Allows: Delete calendars.'),
    ('control.method.calendar.step.write.description','ru','Разрешает: Управление шагами календаря.'),
    ('control.method.calendar.step.write.description','en','Allows: Manage calendar steps.'),
    ('control.method.calendar.step.delete.description','ru','Разрешает: Удаление шагами календаря.'),
    ('control.method.calendar.step.delete.description','en','Allows: Delete calendar steps.'),
    ('control.method.calendar.reward.write.description','ru','Разрешает: Управление наградами календаря.'),
    ('control.method.calendar.reward.write.description','en','Allows: Manage calendar rewards.'),
    ('control.method.calendar.reward.read.description','ru','Разрешает: Просмотр наградами календаря.'),
    ('control.method.calendar.reward.read.description','en','Allows: View calendar rewards.'),
    ('control.method.calendar.reward.delete.description','ru','Разрешает: Удаление наградами календаря.'),
    ('control.method.calendar.reward.delete.description','en','Allows: Delete calendar rewards.'),
    ('control.method.calendar.localization.write.description','ru','Разрешает: Управление локализациями календаря.'),
    ('control.method.calendar.localization.write.description','en','Allows: Manage calendar localizations.'),
    ('control.method.calendar.localization.read.description','ru','Разрешает: Просмотр локализациями календаря.'),
    ('control.method.calendar.localization.read.description','en','Allows: View calendar localizations.'),
    ('control.method.calendar.localization.delete.description','ru','Разрешает: Удаление локализациями календаря.'),
    ('control.method.calendar.localization.delete.description','en','Allows: Delete calendar localizations.'),
    ('control.method.calendar.operation.read.description','ru','Разрешает: Просмотр операциями календаря.'),
    ('control.method.calendar.operation.read.description','en','Allows: View calendar operations.'),
    ('control.method.calendar.stats.read.description','ru','Разрешает: Просмотр статистики календаря.'),
    ('control.method.calendar.stats.read.description','en','Allows: View calendar statistics.'),
    ('control.method.calendar.export.description','ru','Разрешает: Экспорт календарей.'),
    ('control.method.calendar.export.description','en','Allows: Export calendars.'),
    ('control.method.calendar.import.preview.description','ru','Разрешает: Предпросмотр импорта календарей.'),
    ('control.method.calendar.import.preview.description','en','Allows: Preview calendar import.'),
    ('control.method.calendar.import.description','ru','Разрешает: Импорт календарей.'),
    ('control.method.calendar.import.description','en','Allows: Import calendars.'),
    ('control.method.promo.promo.write.description','ru','Разрешает: Управление промокодами.'),
    ('control.method.promo.promo.write.description','en','Allows: Manage promos.'),
    ('control.method.promo.promo.read.description','ru','Разрешает: Просмотр промокодами.'),
    ('control.method.promo.promo.read.description','en','Allows: View promos.'),
    ('control.method.promo.promo.delete.description','ru','Разрешает: Удаление промокодами.'),
    ('control.method.promo.promo.delete.description','en','Allows: Delete promos.'),
    ('control.method.promo.localization.write.description','ru','Разрешает: Управление локализациями промокодов.'),
    ('control.method.promo.localization.write.description','en','Allows: Manage promo localizations.'),
    ('control.method.promo.localization.read.description','ru','Разрешает: Просмотр локализациями промокодов.'),
    ('control.method.promo.localization.read.description','en','Allows: View promo localizations.'),
    ('control.method.promo.localization.delete.description','ru','Разрешает: Удаление локализациями промокодов.'),
    ('control.method.promo.localization.delete.description','en','Allows: Delete promo localizations.'),
    ('control.method.promo.reward.write.description','ru','Разрешает: Управление наградами промокодов.'),
    ('control.method.promo.reward.write.description','en','Allows: Manage promo rewards.'),
    ('control.method.promo.reward.read.description','ru','Разрешает: Просмотр наградами промокодов.'),
    ('control.method.promo.reward.read.description','en','Allows: View promo rewards.'),
    ('control.method.promo.reward.delete.description','ru','Разрешает: Удаление наградами промокодов.'),
    ('control.method.promo.reward.delete.description','en','Allows: Delete promo rewards.'),
    ('control.method.promo.redemption.read.description','ru','Разрешает: Просмотр активациями промокодов.'),
    ('control.method.promo.redemption.read.description','en','Allows: View promo redemptions.'),
    ('control.method.promo.stats.read.description','ru','Разрешает: Просмотр статистики промокодов.'),
    ('control.method.promo.stats.read.description','en','Allows: View promo statistics.'),
    ('control.method.promo.export.description','ru','Разрешает: Экспорт промокодов.'),
    ('control.method.promo.export.description','en','Allows: Export promos.'),
    ('control.method.promo.import.preview.description','ru','Разрешает: Предпросмотр импорта промокодов.'),
    ('control.method.promo.import.preview.description','en','Allows: Preview promo import.'),
    ('control.method.promo.import.description','ru','Разрешает: Импорт промокодов.'),
    ('control.method.promo.import.description','en','Allows: Import promos.'),
    ('control.method.reference.item.write.description','ru','Разрешает: Управление элементами справочника.'),
    ('control.method.reference.item.write.description','en','Allows: Manage reference items.'),
    ('control.method.reference.item.read.description','ru','Разрешает: Просмотр элементами справочника.'),
    ('control.method.reference.item.read.description','en','Allows: View reference items.'),
    ('control.method.reference.item.delete.description','ru','Разрешает: Удаление элементами справочника.'),
    ('control.method.reference.item.delete.description','en','Allows: Delete reference items.'),
    ('control.method.reference.item.restore.description','ru','Разрешает: Восстановление элементами справочника.'),
    ('control.method.reference.item.restore.description','en','Allows: Restore reference items.'),
    ('control.method.reference.item.change_type.description','ru','Разрешает: Изменение типа элементами справочника.'),
    ('control.method.reference.item.change_type.description','en','Allows: Change reference item type.'),
    ('control.method.reference.localization.write.description','ru','Разрешает: Управление локализациями справочника.'),
    ('control.method.reference.localization.write.description','en','Allows: Manage reference localizations.'),
    ('control.method.reference.localization.read.description','ru','Разрешает: Просмотр локализациями справочника.'),
    ('control.method.reference.localization.read.description','en','Allows: View reference localizations.'),
    ('control.method.reference.localization.delete.description','ru','Разрешает: Удаление локализациями справочника.'),
    ('control.method.reference.localization.delete.description','en','Allows: Delete reference localizations.'),
    ('control.method.reference.stats.read.description','ru','Разрешает: Просмотр статистики справочника.'),
    ('control.method.reference.stats.read.description','en','Allows: View reference statistics.'),
    ('control.method.reference.export.description','ru','Разрешает: Экспорт справочника.'),
    ('control.method.reference.export.description','en','Allows: Export reference data.'),
    ('control.method.reference.import.preview.description','ru','Разрешает: Предпросмотр импорта справочника.'),
    ('control.method.reference.import.preview.description','en','Allows: Preview reference data import.'),
    ('control.method.reference.import.description','ru','Разрешает: Импорт справочника.'),
    ('control.method.reference.import.description','en','Allows: Import reference data.'),
    ('control.method.tasks.group.write.description','ru','Разрешает: Управление группами заданий.'),
    ('control.method.tasks.group.write.description','en','Allows: Manage task groups.'),
    ('control.method.tasks.group.localization.write.description','ru','Разрешает: Управление локализациями групп заданий.'),
    ('control.method.tasks.group.localization.write.description','en','Allows: Manage task group localizations.'),
    ('control.method.tasks.sequence.write.description','ru','Разрешает: Управление последовательностями заданий.'),
    ('control.method.tasks.sequence.write.description','en','Allows: Manage task sequences.'),
    ('control.method.tasks.task.write.description','ru','Разрешает: Управление заданиями.'),
    ('control.method.tasks.task.write.description','en','Allows: Manage tasks.'),
    ('control.method.tasks.task.read.description','ru','Разрешает: Просмотр заданиями.'),
    ('control.method.tasks.task.read.description','en','Allows: View tasks.'),
    ('control.method.tasks.task.delete.description','ru','Разрешает: Удаление заданиями.'),
    ('control.method.tasks.task.delete.description','en','Allows: Delete tasks.'),
    ('control.method.tasks.localization.write.description','ru','Разрешает: Управление локализациями заданий.'),
    ('control.method.tasks.localization.write.description','en','Allows: Manage task localizations.'),
    ('control.method.tasks.reward.write.description','ru','Разрешает: Управление наградами заданий.'),
    ('control.method.tasks.reward.write.description','en','Allows: Manage task rewards.'),
    ('control.method.tasks.reward.delete.description','ru','Разрешает: Удаление наградами заданий.'),
    ('control.method.tasks.reward.delete.description','en','Allows: Delete task rewards.'),
    ('control.method.tasks.partner.config.write.description','ru','Разрешает: Управление конфигурациями партнеров.'),
    ('control.method.tasks.partner.config.write.description','en','Allows: Manage partner configurations.'),
    ('control.method.tasks.partner.config.read.description','ru','Разрешает: Просмотр конфигурациями партнеров.'),
    ('control.method.tasks.partner.config.read.description','en','Allows: View partner configurations.'),
    ('control.method.tasks.partner.reward.write.description','ru','Разрешает: Управление правилами наград партнеров.'),
    ('control.method.tasks.partner.reward.write.description','en','Allows: Manage partner reward rules.'),
    ('control.method.tasks.partner.reward.delete.description','ru','Разрешает: Удаление правилами наград партнеров.'),
    ('control.method.tasks.partner.reward.delete.description','en','Allows: Delete partner reward rules.'),
    ('control.method.tasks.stats.read.description','ru','Разрешает: Просмотр статистики заданий.'),
    ('control.method.tasks.stats.read.description','en','Allows: View task statistics.'),
    ('control.method.tasks.partner.stats.read.description','ru','Разрешает: Просмотр статистики партнерских заданий.'),
    ('control.method.tasks.partner.stats.read.description','en','Allows: View partner task statistics.'),
    ('control.method.tasks.export.description','ru','Разрешает: Экспорт заданий.'),
    ('control.method.tasks.export.description','en','Allows: Export tasks.'),
    ('control.method.tasks.import.preview.description','ru','Разрешает: Предпросмотр импорта заданий.'),
    ('control.method.tasks.import.preview.description','en','Allows: Preview task import.'),
    ('control.method.tasks.import.description','ru','Разрешает: Импорт заданий.'),
    ('control.method.tasks.import.description','en','Allows: Import tasks.'),
    ('control.method.payment.catalog.write.description','ru','Разрешает: Управление платежным каталогом.'),
    ('control.method.payment.catalog.write.description','en','Allows: Manage payment catalog.'),
    ('control.method.payment.catalog.read.description','ru','Разрешает: Просмотр платежным каталогом.'),
    ('control.method.payment.catalog.read.description','en','Allows: View payment catalog.'),
    ('control.method.payment.catalog.delete.description','ru','Разрешает: Удаление платежным каталогом.'),
    ('control.method.payment.catalog.delete.description','en','Allows: Delete payment catalog entries.'),
    ('control.method.payment.catalog_cache.rebuild.description','ru','Разрешает: Пересборка кеша платежного каталога.'),
    ('control.method.payment.catalog_cache.rebuild.description','en','Allows: Rebuild payment catalog cache.'),
    ('control.method.payment.localization.write.description','ru','Разрешает: Управление локализациями платежей.'),
    ('control.method.payment.localization.write.description','en','Allows: Manage payment localizations.'),
    ('control.method.payment.localization.read.description','ru','Разрешает: Просмотр локализациями платежей.'),
    ('control.method.payment.localization.read.description','en','Allows: View payment localizations.'),
    ('control.method.payment.localization.delete.description','ru','Разрешает: Удаление локализациями платежей.'),
    ('control.method.payment.localization.delete.description','en','Allows: Delete payment localizations.'),
    ('control.method.payment.asset.read.description','ru','Разрешает: Просмотр платежных активов.'),
    ('control.method.payment.asset.read.description','en','Allows: View payment assets.'),
    ('control.method.payment.asset_rate.read.description','ru','Разрешает: Просмотр курсами активов.'),
    ('control.method.payment.asset_rate.read.description','en','Allows: View asset rates.'),
    ('control.method.payment.provider.read.description','ru','Разрешает: Просмотр платежными провайдерами.'),
    ('control.method.payment.provider.read.description','en','Allows: View payment providers.'),
    ('control.method.payment.provider_transaction.read.description','ru','Разрешает: Просмотр транзакциями провайдеров.'),
    ('control.method.payment.provider_transaction.read.description','en','Allows: View provider transactions.'),
    ('control.method.payment.limit.read.description','ru','Разрешает: Просмотр платежных лимитов.'),
    ('control.method.payment.limit.read.description','en','Allows: View payment limits.'),
    ('control.method.payment.limit.delete.description','ru','Разрешает: Удаление платежных лимитов.'),
    ('control.method.payment.limit.delete.description','en','Allows: Delete payment limits.'),
    ('control.method.payment.purchase_key.write.description','ru','Разрешает: Управление ключами покупок.'),
    ('control.method.payment.purchase_key.write.description','en','Allows: Manage purchase keys.'),
    ('control.method.payment.purchase_key.read.description','ru','Разрешает: Просмотр ключами покупок.'),
    ('control.method.payment.purchase_key.read.description','en','Allows: View purchase keys.'),
    ('control.method.payment.order.read.description','ru','Разрешает: Просмотр платежных заказов.'),
    ('control.method.payment.order.read.description','en','Allows: View payment orders.'),
    ('control.method.payment.order.status.write.description','ru','Разрешает: Изменение статуса платежных заказов.'),
    ('control.method.payment.order.status.write.description','en','Allows: Change payment order status.'),
    ('control.method.payment.payment_attempt.read.description','ru','Разрешает: Просмотр попыток оплаты.'),
    ('control.method.payment.payment_attempt.read.description','en','Allows: View payment attempts.'),
    ('control.method.payment.payment_event.read.description','ru','Разрешает: Просмотр платежных событий.'),
    ('control.method.payment.payment_event.read.description','en','Allows: View payment events.'),
    ('control.method.payment.subscription.read.description','ru','Разрешает: Просмотр платежных подписок.'),
    ('control.method.payment.subscription.read.description','en','Allows: View payment subscriptions.'),
    ('control.method.payment.subscription.status.write.description','ru','Разрешает: Изменение статуса платежных подписок.'),
    ('control.method.payment.subscription.status.write.description','en','Allows: Change subscription status.'),
    ('control.method.payment.fulfillment.read.description','ru','Разрешает: Просмотр выдачами покупок.'),
    ('control.method.payment.fulfillment.read.description','en','Allows: View payment fulfillments.'),
    ('control.method.payment.fulfillment.status.write.description','ru','Разрешает: Изменение статуса выдачами покупок.'),
    ('control.method.payment.fulfillment.status.write.description','en','Allows: Change fulfillment status.'),
    ('control.method.payment.refund.write.description','ru','Разрешает: Управление возвратами платежей.'),
    ('control.method.payment.refund.write.description','en','Allows: Create payment refunds.'),
    ('control.method.payment.refund.read.description','ru','Разрешает: Просмотр возвратами платежей.'),
    ('control.method.payment.refund.read.description','en','Allows: View payment refunds.'),
    ('control.method.payment.refund.status.write.description','ru','Разрешает: Изменение статуса возвратами платежей.'),
    ('control.method.payment.refund.status.write.description','en','Allows: Change refund status.'),
    ('control.method.payment.refund.execute.description','ru','Разрешает: Выполнение возвратами платежей.'),
    ('control.method.payment.refund.execute.description','en','Allows: Execute payment refunds.'),
    ('control.method.payment.stats.read.description','ru','Разрешает: Просмотр статистики платежей.'),
    ('control.method.payment.stats.read.description','en','Allows: View payment statistics.'),
    ('control.method.payment.export.description','ru','Разрешает: Экспорт платежных данных.'),
    ('control.method.payment.export.description','en','Allows: Export payment data.'),
    ('control.method.payment.import.preview.description','ru','Разрешает: Предпросмотр импорта платежных данных.'),
    ('control.method.payment.import.preview.description','en','Allows: Preview payment data import.'),
    ('control.method.payment.import.description','ru','Разрешает: Импорт платежных данных.'),
    ('control.method.payment.import.description','en','Allows: Import payment data.'),
    ('control.method.control.workspace.create.description','ru','Разрешает: Создание рабочими областями.'),
    ('control.method.control.workspace.create.description','en','Allows: Create workspaces.'),
    ('control.method.control.workspace.read.description','ru','Разрешает: Просмотр рабочими областями.'),
    ('control.method.control.workspace.read.description','en','Allows: View workspaces.'),
    ('control.method.control.workspace.write.description','ru','Разрешает: Управление рабочими областями.'),
    ('control.method.control.workspace.write.description','en','Allows: Manage workspaces.'),
    ('control.method.control.member.read.description','ru','Разрешает: Просмотр участников рабочей области.'),
    ('control.method.control.member.read.description','en','Allows: View workspace members.'),
    ('control.method.control.member.remove.description','ru','Разрешает: Удаление участников рабочей области.'),
    ('control.method.control.member.remove.description','en','Allows: Remove workspace members.'),
    ('control.method.control.invite.read.description','ru','Разрешает: Просмотр приглашениями рабочей области.'),
    ('control.method.control.invite.read.description','en','Allows: View workspace invites.'),
    ('control.method.control.invite.write.description','ru','Разрешает: Управление приглашениями рабочей области.'),
    ('control.method.control.invite.write.description','en','Allows: Create workspace invites.'),
    ('control.method.control.invite.revoke.description','ru','Разрешает: Отзыв приглашениями рабочей области.'),
    ('control.method.control.invite.revoke.description','en','Allows: Revoke workspace invites.'),
    ('control.method.control.role.read.description','ru','Разрешает: Просмотр ролями рабочей области.'),
    ('control.method.control.role.read.description','en','Allows: View workspace roles.'),
    ('control.method.control.role.write.description','ru','Разрешает: Управление ролями рабочей области.'),
    ('control.method.control.role.write.description','en','Allows: Manage workspace roles.'),
    ('control.method.control.role.delete.description','ru','Разрешает: Удаление ролями рабочей области.'),
    ('control.method.control.role.delete.description','en','Allows: Delete workspace roles.'),
    ('control.method.control.role.member.write.description','ru','Разрешает: Управление ролями рабочей области.'),
    ('control.method.control.role.member.write.description','en','Allows: Manage role members.'),
    ('control.method.control.role.permission.write.description','ru','Разрешает: Управление ролями рабочей области.'),
    ('control.method.control.role.permission.write.description','en','Allows: Manage role permissions.'),
    ('control.method.control.method.read.description','ru','Разрешает: Просмотр каталога методов.'),
    ('control.method.control.method.read.description','en','Allows: View method catalog.'),
    ('control.method.control.audit.read.description','ru','Разрешает: Просмотр аудита рабочей области.'),
    ('control.method.control.audit.read.description','en','Allows: View workspace audit.'),
    ('control.method_group.calendar.calendar.description','ru','Раздел: Календари.'),
    ('control.method_group.calendar.calendar.description','en','Section: Calendars.'),
    ('control.method_group.calendar.localization.description','ru','Раздел: Локализация.'),
    ('control.method_group.calendar.localization.description','en','Section: Localization.'),
    ('control.method_group.calendar.operation.description','ru','Раздел: Операции.'),
    ('control.method_group.calendar.operation.description','en','Section: Operations.'),
    ('control.method_group.calendar.reward.description','ru','Раздел: Награды.'),
    ('control.method_group.calendar.reward.description','en','Section: Rewards.'),
    ('control.method_group.calendar.stats.description','ru','Раздел: Статистика.'),
    ('control.method_group.calendar.stats.description','en','Section: Statistics.'),
    ('control.method_group.calendar.step.description','ru','Раздел: Шаги.'),
    ('control.method_group.calendar.step.description','en','Section: Steps.'),
    ('control.method_group.calendar.import_export.description','ru','Раздел: Импорт и экспорт.'),
    ('control.method_group.calendar.import_export.description','en','Section: Import and export.'),
    ('control.method_group.control.audit.description','ru','Раздел: Аудит.'),
    ('control.method_group.control.audit.description','en','Section: Audit.'),
    ('control.method_group.control.invite.description','ru','Раздел: Приглашения.'),
    ('control.method_group.control.invite.description','en','Section: Invites.'),
    ('control.method_group.control.member.description','ru','Раздел: Участники.'),
    ('control.method_group.control.member.description','en','Section: Members.'),
    ('control.method_group.control.method.description','ru','Раздел: Методы.'),
    ('control.method_group.control.method.description','en','Section: Methods.'),
    ('control.method_group.control.role.description','ru','Раздел: Роли.'),
    ('control.method_group.control.role.description','en','Section: Roles.'),
    ('control.method_group.control.workspace.description','ru','Раздел: Рабочие области.'),
    ('control.method_group.control.workspace.description','en','Section: Workspaces.'),
    ('control.method_group.cpa.assignment.description','ru','Раздел: Назначения.'),
    ('control.method_group.cpa.assignment.description','en','Section: Assignments.'),
    ('control.method_group.cpa.code.description','ru','Раздел: Коды.'),
    ('control.method_group.cpa.code.description','en','Section: Codes.'),
    ('control.method_group.cpa.localization.description','ru','Раздел: Локализация.'),
    ('control.method_group.cpa.localization.description','en','Section: Localization.'),
    ('control.method_group.cpa.offer.description','ru','Раздел: Офферы.'),
    ('control.method_group.cpa.offer.description','en','Section: Offers.'),
    ('control.method_group.cpa.reward.description','ru','Раздел: Награды.'),
    ('control.method_group.cpa.reward.description','en','Section: Rewards.'),
    ('control.method_group.cpa.stats.description','ru','Раздел: Статистика.'),
    ('control.method_group.cpa.stats.description','en','Section: Statistics.'),
    ('control.method_group.cpa.import_export.description','ru','Раздел: Импорт и экспорт.'),
    ('control.method_group.cpa.import_export.description','en','Section: Import and export.'),
    ('control.method_group.payment.asset.description','ru','Раздел: Активы.'),
    ('control.method_group.payment.asset.description','en','Section: Assets.'),
    ('control.method_group.payment.catalog.description','ru','Раздел: Каталог.'),
    ('control.method_group.payment.catalog.description','en','Section: Catalog.'),
    ('control.method_group.payment.fulfillment.description','ru','Раздел: Выдачи.'),
    ('control.method_group.payment.fulfillment.description','en','Section: Fulfillments.'),
    ('control.method_group.payment.limit.description','ru','Раздел: Лимиты.'),
    ('control.method_group.payment.limit.description','en','Section: Limits.'),
    ('control.method_group.payment.localization.description','ru','Раздел: Локализация.'),
    ('control.method_group.payment.localization.description','en','Section: Localization.'),
    ('control.method_group.payment.order.description','ru','Раздел: Заказы.'),
    ('control.method_group.payment.order.description','en','Section: Orders.'),
    ('control.method_group.payment.payment.description','ru','Раздел: Платежи.'),
    ('control.method_group.payment.payment.description','en','Section: Payments.'),
    ('control.method_group.payment.provider.description','ru','Раздел: Провайдеры.'),
    ('control.method_group.payment.provider.description','en','Section: Providers.'),
    ('control.method_group.payment.purchase_key.description','ru','Раздел: Ключи покупок.'),
    ('control.method_group.payment.purchase_key.description','en','Section: Purchase keys.'),
    ('control.method_group.payment.refund.description','ru','Раздел: Возвраты.'),
    ('control.method_group.payment.refund.description','en','Section: Refunds.'),
    ('control.method_group.payment.stats.description','ru','Раздел: Статистика.'),
    ('control.method_group.payment.stats.description','en','Section: Statistics.'),
    ('control.method_group.payment.subscription.description','ru','Раздел: Подписки.'),
    ('control.method_group.payment.subscription.description','en','Section: Subscriptions.'),
    ('control.method_group.payment.import_export.description','ru','Раздел: Импорт и экспорт.'),
    ('control.method_group.payment.import_export.description','en','Section: Import and export.'),
    ('control.method_group.promo.localization.description','ru','Раздел: Локализация.'),
    ('control.method_group.promo.localization.description','en','Section: Localization.'),
    ('control.method_group.promo.promo.description','ru','Раздел: Промокоды.'),
    ('control.method_group.promo.promo.description','en','Section: Promos.'),
    ('control.method_group.promo.redemption.description','ru','Раздел: Активации.'),
    ('control.method_group.promo.redemption.description','en','Section: Redemptions.'),
    ('control.method_group.promo.reward.description','ru','Раздел: Награды.'),
    ('control.method_group.promo.reward.description','en','Section: Rewards.'),
    ('control.method_group.promo.stats.description','ru','Раздел: Статистика.'),
    ('control.method_group.promo.stats.description','en','Section: Statistics.'),
    ('control.method_group.promo.import_export.description','ru','Раздел: Импорт и экспорт.'),
    ('control.method_group.promo.import_export.description','en','Section: Import and export.'),
    ('control.method_group.reference.item.description','ru','Раздел: Элементы.'),
    ('control.method_group.reference.item.description','en','Section: Items.'),
    ('control.method_group.reference.localization.description','ru','Раздел: Локализация.'),
    ('control.method_group.reference.localization.description','en','Section: Localization.'),
    ('control.method_group.reference.stats.description','ru','Раздел: Статистика.'),
    ('control.method_group.reference.stats.description','en','Section: Statistics.'),
    ('control.method_group.reference.import_export.description','ru','Раздел: Импорт и экспорт.'),
    ('control.method_group.reference.import_export.description','en','Section: Import and export.'),
    ('control.method_group.tasks.group.description','ru','Раздел: Группы.'),
    ('control.method_group.tasks.group.description','en','Section: Groups.'),
    ('control.method_group.tasks.localization.description','ru','Раздел: Локализация.'),
    ('control.method_group.tasks.localization.description','en','Section: Localization.'),
    ('control.method_group.tasks.partner.description','ru','Раздел: Партнеры.'),
    ('control.method_group.tasks.partner.description','en','Section: Partners.'),
    ('control.method_group.tasks.reward.description','ru','Раздел: Награды.'),
    ('control.method_group.tasks.reward.description','en','Section: Rewards.'),
    ('control.method_group.tasks.sequence.description','ru','Раздел: Последовательности.'),
    ('control.method_group.tasks.sequence.description','en','Section: Sequences.'),
    ('control.method_group.tasks.stats.description','ru','Раздел: Статистика.'),
    ('control.method_group.tasks.stats.description','en','Section: Statistics.'),
    ('control.method_group.tasks.task.description','ru','Раздел: Задания.'),
    ('control.method_group.tasks.task.description','en','Section: Tasks.'),
    ('control.method_group.tasks.import_export.description','ru','Раздел: Импорт и экспорт.'),
    ('control.method_group.tasks.import_export.description','en','Section: Import and export.'),
    ('control.method.control.workspace.get','ru','Просмотр рабочей области'),
    ('control.method.control.workspace.get','en','View workspace'),
    ('control.method.control.workspace.list','ru','Список рабочих областей'),
    ('control.method.control.workspace.list','en','List workspaces'),
    ('control.method.control.workspace.update','ru','Изменение рабочей области'),
    ('control.method.control.workspace.update','en','Update workspace'),
    ('control.method.control.member.list','ru','Список участников рабочей области'),
    ('control.method.control.member.list','en','List workspace members'),
    ('control.method.control.invite.create','ru','Создание приглашения'),
    ('control.method.control.invite.create','en','Create workspace invite'),
    ('control.method.control.invite.list','ru','Список приглашений рабочей области'),
    ('control.method.control.invite.list','en','List workspace invites'),
    ('control.method.control.role.create','ru','Создание роли'),
    ('control.method.control.role.create','en','Create workspace role'),
    ('control.method.control.role.get','ru','Просмотр роли'),
    ('control.method.control.role.get','en','View workspace role'),
    ('control.method.control.role.list','ru','Список ролей рабочей области'),
    ('control.method.control.role.list','en','List workspace roles'),
    ('control.method.control.role.update','ru','Изменение роли'),
    ('control.method.control.role.update','en','Update workspace role'),
    ('control.method.control.role_member.set','ru','Назначение роли участнику'),
    ('control.method.control.role_member.set','en','Assign role to member'),
    ('control.method.control.role_member.remove','ru','Снятие роли с участника'),
    ('control.method.control.role_member.remove','en','Remove role from member'),
    ('control.method.control.role_permission.list','ru','Список прав роли'),
    ('control.method.control.role_permission.list','en','List role permissions'),
    ('control.method.control.role_permission.set','ru','Изменение права роли'),
    ('control.method.control.role_permission.set','en','Update role permission'),
    ('control.method.control.role_permission.clear','ru','Очистка прав роли'),
    ('control.method.control.role_permission.clear','en','Clear role permissions'),
    ('control.method.control.method.get','ru','Просмотр доступа'),
    ('control.method.control.method.get','en','View access method'),
    ('control.method.control.method.list','ru','Список доступов'),
    ('control.method.control.method.list','en','List access methods'),
    ('control.method.control.audit.list','ru','Список аудита рабочей области'),
    ('control.method.control.audit.list','en','List workspace audit'),
    ('control.method_group.calendar.calendar','ru','Календари'),
    ('control.method_group.calendar.calendar','en','Calendars'),
    ('control.method_group.calendar.localization','ru','Локализация'),
    ('control.method_group.calendar.localization','en','Localization'),
    ('control.method_group.calendar.operation','ru','Операции'),
    ('control.method_group.calendar.operation','en','Operations'),
    ('control.method_group.calendar.reward','ru','Награды'),
    ('control.method_group.calendar.reward','en','Rewards'),
    ('control.method_group.calendar.stats','ru','Статистика'),
    ('control.method_group.calendar.stats','en','Statistics'),
    ('control.method_group.calendar.step','ru','Шаги'),
    ('control.method_group.calendar.step','en','Steps'),
    ('control.method_group.calendar.import_export','ru','Импорт и экспорт'),
    ('control.method_group.calendar.import_export','en','Import and export'),
    ('control.method_group.control.audit','ru','Аудит'),
    ('control.method_group.control.audit','en','Audit'),
    ('control.method_group.control.invite','ru','Приглашения'),
    ('control.method_group.control.invite','en','Invites'),
    ('control.method_group.control.member','ru','Участники'),
    ('control.method_group.control.member','en','Members'),
    ('control.method_group.control.method','ru','Методы'),
    ('control.method_group.control.method','en','Methods'),
    ('control.method_group.control.role','ru','Роли'),
    ('control.method_group.control.role','en','Roles'),
    ('control.method_group.control.workspace','ru','Рабочие области'),
    ('control.method_group.control.workspace','en','Workspaces'),
    ('control.method_group.cpa.assignment','ru','Назначения'),
    ('control.method_group.cpa.assignment','en','Assignments'),
    ('control.method_group.cpa.code','ru','Коды'),
    ('control.method_group.cpa.code','en','Codes'),
    ('control.method_group.cpa.localization','ru','Локализация'),
    ('control.method_group.cpa.localization','en','Localization'),
    ('control.method_group.cpa.offer','ru','Офферы'),
    ('control.method_group.cpa.offer','en','Offers'),
    ('control.method_group.cpa.reward','ru','Награды'),
    ('control.method_group.cpa.reward','en','Rewards'),
    ('control.method_group.cpa.stats','ru','Статистика'),
    ('control.method_group.cpa.stats','en','Statistics'),
    ('control.method_group.cpa.import_export','ru','Импорт и экспорт'),
    ('control.method_group.cpa.import_export','en','Import and export'),
    ('control.method_group.payment.asset','ru','Активы'),
    ('control.method_group.payment.asset','en','Assets'),
    ('control.method_group.payment.catalog','ru','Каталог'),
    ('control.method_group.payment.catalog','en','Catalog'),
    ('control.method_group.payment.fulfillment','ru','Выдачи'),
    ('control.method_group.payment.fulfillment','en','Fulfillments'),
    ('control.method_group.payment.limit','ru','Лимиты'),
    ('control.method_group.payment.limit','en','Limits'),
    ('control.method_group.payment.localization','ru','Локализация'),
    ('control.method_group.payment.localization','en','Localization'),
    ('control.method_group.payment.order','ru','Заказы'),
    ('control.method_group.payment.order','en','Orders'),
    ('control.method_group.payment.payment','ru','Платежи'),
    ('control.method_group.payment.payment','en','Payments'),
    ('control.method_group.payment.provider','ru','Провайдеры'),
    ('control.method_group.payment.provider','en','Providers'),
    ('control.method_group.payment.purchase_key','ru','Ключи покупок'),
    ('control.method_group.payment.purchase_key','en','Purchase keys'),
    ('control.method_group.payment.refund','ru','Возвраты'),
    ('control.method_group.payment.refund','en','Refunds'),
    ('control.method_group.payment.stats','ru','Статистика'),
    ('control.method_group.payment.stats','en','Statistics'),
    ('control.method_group.payment.subscription','ru','Подписки'),
    ('control.method_group.payment.subscription','en','Subscriptions'),
    ('control.method_group.payment.import_export','ru','Импорт и экспорт'),
    ('control.method_group.payment.import_export','en','Import and export'),
    ('control.method_group.promo.localization','ru','Локализация'),
    ('control.method_group.promo.localization','en','Localization'),
    ('control.method_group.promo.promo','ru','Промокоды'),
    ('control.method_group.promo.promo','en','Promos'),
    ('control.method_group.promo.redemption','ru','Активации'),
    ('control.method_group.promo.redemption','en','Redemptions'),
    ('control.method_group.promo.reward','ru','Награды'),
    ('control.method_group.promo.reward','en','Rewards'),
    ('control.method_group.promo.stats','ru','Статистика'),
    ('control.method_group.promo.stats','en','Statistics'),
    ('control.method_group.promo.import_export','ru','Импорт и экспорт'),
    ('control.method_group.promo.import_export','en','Import and export'),
    ('control.method_group.reference.item','ru','Элементы'),
    ('control.method_group.reference.item','en','Items'),
    ('control.method_group.reference.localization','ru','Локализация'),
    ('control.method_group.reference.localization','en','Localization'),
    ('control.method_group.reference.stats','ru','Статистика'),
    ('control.method_group.reference.stats','en','Statistics'),
    ('control.method_group.reference.import_export','ru','Импорт и экспорт'),
    ('control.method_group.reference.import_export','en','Import and export'),
    ('control.method_group.tasks.group','ru','Группы'),
    ('control.method_group.tasks.group','en','Groups'),
    ('control.method_group.tasks.localization','ru','Локализация'),
    ('control.method_group.tasks.localization','en','Localization'),
    ('control.method_group.tasks.partner','ru','Партнеры'),
    ('control.method_group.tasks.partner','en','Partners'),
    ('control.method_group.tasks.reward','ru','Награды'),
    ('control.method_group.tasks.reward','en','Rewards'),
    ('control.method_group.tasks.sequence','ru','Последовательности'),
    ('control.method_group.tasks.sequence','en','Sequences'),
    ('control.method_group.tasks.stats','ru','Статистика'),
    ('control.method_group.tasks.stats','en','Statistics'),
    ('control.method_group.tasks.task','ru','Задания'),
    ('control.method_group.tasks.task','en','Tasks'),
    ('control.method_group.tasks.import_export','ru','Импорт и экспорт'),
    ('control.method_group.tasks.import_export','en','Import and export'),
    ('control.method.cpa.offer.upsert','ru','Управление CPA-офферами'),
    ('control.method.cpa.offer.upsert','en','Manage CPA offers'),
    ('control.method.cpa.offer.get','ru','Просмотр CPA-оффера'),
    ('control.method.cpa.offer.get','en','View CPA offer'),
    ('control.method.cpa.offer.list','ru','Список CPA-офферов'),
    ('control.method.cpa.offer.list','en','List CPA offers'),
    ('control.method.cpa.offer.delete','ru','Удаление CPA-оффера'),
    ('control.method.cpa.offer.delete','en','Delete CPA offer'),
    ('control.method.cpa.localization.upsert','ru','Управление локализациями CPA'),
    ('control.method.cpa.localization.upsert','en','Manage CPA localizations'),
    ('control.method.cpa.localization.list','ru','Список локализаций CPA'),
    ('control.method.cpa.localization.list','en','List CPA localizations'),
    ('control.method.cpa.localization.delete','ru','Удаление локализации CPA'),
    ('control.method.cpa.localization.delete','en','Delete CPA localization'),
    ('control.method.cpa.reward.upsert','ru','Управление наградами CPA'),
    ('control.method.cpa.reward.upsert','en','Manage CPA rewards'),
    ('control.method.cpa.reward.list','ru','Список наград CPA'),
    ('control.method.cpa.reward.list','en','List CPA rewards'),
    ('control.method.cpa.reward.delete','ru','Удаление награды CPA'),
    ('control.method.cpa.reward.delete','en','Delete CPA reward'),
    ('control.method.cpa.code.add','ru','Добавление CPA-кодов'),
    ('control.method.cpa.code.add','en','Add CPA codes'),
    ('control.method.cpa.code.list','ru','Список CPA-кодов'),
    ('control.method.cpa.code.list','en','List CPA codes'),
    ('control.method.cpa.code.delete_available','ru','Удаление доступных CPA-кодов'),
    ('control.method.cpa.code.delete_available','en','Delete available CPA codes'),
    ('control.method.cpa.code.delete_issued','ru','Удаление выданных CPA-кодов'),
    ('control.method.cpa.code.delete_issued','en','Delete issued CPA codes'),
    ('control.method.cpa.code.delete_completed','ru','Удаление завершенных CPA-кодов'),
    ('control.method.cpa.code.delete_completed','en','Delete completed CPA codes'),
    ('control.method.cpa.assignment.get_user','ru','Просмотр назначения пользователя'),
    ('control.method.cpa.assignment.get_user','en','View user CPA assignment'),
    ('control.method.cpa.assignment.list','ru','Список CPA-назначений'),
    ('control.method.cpa.assignment.list','en','List CPA assignments'),
    ('control.method.cpa.assignment.event.list','ru','События CPA-назначений'),
    ('control.method.cpa.assignment.event.list','en','List CPA assignment events'),
    ('control.method.cpa.stats.get','ru','Статистика CPA'),
    ('control.method.cpa.stats.get','en','View CPA statistics'),
    ('control.method.cpa.stats.daily.list','ru','Дневная статистика CPA'),
    ('control.method.cpa.stats.daily.list','en','View daily CPA statistics'),
    ('control.method.cpa.export','ru','Экспорт CPA-данных'),
    ('control.method.cpa.export','en','Export CPA data'),
    ('control.method.cpa.import.preview','ru','Предпросмотр импорта CPA-данных'),
    ('control.method.cpa.import.preview','en','Preview CPA data import'),
    ('control.method.cpa.import','ru','Импорт CPA-данных'),
    ('control.method.cpa.import','en','Import CPA data'),
    ('control.method.calendar.calendar.write','ru','Управление календарями'),
    ('control.method.calendar.calendar.write','en','Manage calendars'),
    ('control.method.calendar.calendar.read','ru','Просмотр календарями'),
    ('control.method.calendar.calendar.read','en','View calendars'),
    ('control.method.calendar.calendar.delete','ru','Удаление календарями'),
    ('control.method.calendar.calendar.delete','en','Delete calendars'),
    ('control.method.calendar.step.write','ru','Управление шагами календаря'),
    ('control.method.calendar.step.write','en','Manage calendar steps'),
    ('control.method.calendar.step.delete','ru','Удаление шагами календаря'),
    ('control.method.calendar.step.delete','en','Delete calendar steps'),
    ('control.method.calendar.reward.write','ru','Управление наградами календаря'),
    ('control.method.calendar.reward.write','en','Manage calendar rewards'),
    ('control.method.calendar.reward.read','ru','Просмотр наградами календаря'),
    ('control.method.calendar.reward.read','en','View calendar rewards'),
    ('control.method.calendar.reward.delete','ru','Удаление наградами календаря'),
    ('control.method.calendar.reward.delete','en','Delete calendar rewards'),
    ('control.method.calendar.localization.write','ru','Управление локализациями календаря'),
    ('control.method.calendar.localization.write','en','Manage calendar localizations'),
    ('control.method.calendar.localization.read','ru','Просмотр локализациями календаря'),
    ('control.method.calendar.localization.read','en','View calendar localizations'),
    ('control.method.calendar.localization.delete','ru','Удаление локализациями календаря'),
    ('control.method.calendar.localization.delete','en','Delete calendar localizations'),
    ('control.method.calendar.operation.read','ru','Просмотр операциями календаря'),
    ('control.method.calendar.operation.read','en','View calendar operations'),
    ('control.method.calendar.stats.read','ru','Просмотр статистики календаря'),
    ('control.method.calendar.stats.read','en','View calendar statistics'),
    ('control.method.calendar.export','ru','Экспорт календарей'),
    ('control.method.calendar.export','en','Export calendars'),
    ('control.method.calendar.import.preview','ru','Предпросмотр импорта календарей'),
    ('control.method.calendar.import.preview','en','Preview calendar import'),
    ('control.method.calendar.import','ru','Импорт календарей'),
    ('control.method.calendar.import','en','Import calendars'),
    ('control.method.promo.promo.write','ru','Управление промокодами'),
    ('control.method.promo.promo.write','en','Manage promos'),
    ('control.method.promo.promo.read','ru','Просмотр промокодами'),
    ('control.method.promo.promo.read','en','View promos'),
    ('control.method.promo.promo.delete','ru','Удаление промокодами'),
    ('control.method.promo.promo.delete','en','Delete promos'),
    ('control.method.promo.localization.write','ru','Управление локализациями промокодов'),
    ('control.method.promo.localization.write','en','Manage promo localizations'),
    ('control.method.promo.localization.read','ru','Просмотр локализациями промокодов'),
    ('control.method.promo.localization.read','en','View promo localizations'),
    ('control.method.promo.localization.delete','ru','Удаление локализациями промокодов'),
    ('control.method.promo.localization.delete','en','Delete promo localizations'),
    ('control.method.promo.reward.write','ru','Управление наградами промокодов'),
    ('control.method.promo.reward.write','en','Manage promo rewards'),
    ('control.method.promo.reward.read','ru','Просмотр наградами промокодов'),
    ('control.method.promo.reward.read','en','View promo rewards'),
    ('control.method.promo.reward.delete','ru','Удаление наградами промокодов'),
    ('control.method.promo.reward.delete','en','Delete promo rewards'),
    ('control.method.promo.redemption.read','ru','Просмотр активациями промокодов'),
    ('control.method.promo.redemption.read','en','View promo redemptions'),
    ('control.method.promo.stats.read','ru','Просмотр статистики промокодов'),
    ('control.method.promo.stats.read','en','View promo statistics'),
    ('control.method.promo.export','ru','Экспорт промокодов'),
    ('control.method.promo.export','en','Export promos'),
    ('control.method.promo.import.preview','ru','Предпросмотр импорта промокодов'),
    ('control.method.promo.import.preview','en','Preview promo import'),
    ('control.method.promo.import','ru','Импорт промокодов'),
    ('control.method.promo.import','en','Import promos'),
    ('control.method.reference.item.write','ru','Управление элементами справочника'),
    ('control.method.reference.item.write','en','Manage reference items'),
    ('control.method.reference.item.read','ru','Просмотр элементами справочника'),
    ('control.method.reference.item.read','en','View reference items'),
    ('control.method.reference.item.delete','ru','Удаление элементами справочника'),
    ('control.method.reference.item.delete','en','Delete reference items'),
    ('control.method.reference.item.restore','ru','Восстановление элементами справочника'),
    ('control.method.reference.item.restore','en','Restore reference items'),
    ('control.method.reference.item.change_type','ru','Изменение типа элементами справочника'),
    ('control.method.reference.item.change_type','en','Change reference item type'),
    ('control.method.reference.localization.write','ru','Управление локализациями справочника'),
    ('control.method.reference.localization.write','en','Manage reference localizations'),
    ('control.method.reference.localization.read','ru','Просмотр локализациями справочника'),
    ('control.method.reference.localization.read','en','View reference localizations'),
    ('control.method.reference.localization.delete','ru','Удаление локализациями справочника'),
    ('control.method.reference.localization.delete','en','Delete reference localizations'),
    ('control.method.reference.stats.read','ru','Просмотр статистики справочника'),
    ('control.method.reference.stats.read','en','View reference statistics'),
    ('control.method.reference.export','ru','Экспорт справочника'),
    ('control.method.reference.export','en','Export reference data'),
    ('control.method.reference.import.preview','ru','Предпросмотр импорта справочника'),
    ('control.method.reference.import.preview','en','Preview reference data import'),
    ('control.method.reference.import','ru','Импорт справочника'),
    ('control.method.reference.import','en','Import reference data'),
    ('control.method.tasks.group.write','ru','Управление группами заданий'),
    ('control.method.tasks.group.write','en','Manage task groups'),
    ('control.method.tasks.group.localization.write','ru','Управление локализациями групп заданий'),
    ('control.method.tasks.group.localization.write','en','Manage task group localizations'),
    ('control.method.tasks.sequence.write','ru','Управление последовательностями заданий'),
    ('control.method.tasks.sequence.write','en','Manage task sequences'),
    ('control.method.tasks.task.write','ru','Управление заданиями'),
    ('control.method.tasks.task.write','en','Manage tasks'),
    ('control.method.tasks.task.read','ru','Просмотр заданиями'),
    ('control.method.tasks.task.read','en','View tasks'),
    ('control.method.tasks.task.delete','ru','Удаление заданиями'),
    ('control.method.tasks.task.delete','en','Delete tasks'),
    ('control.method.tasks.localization.write','ru','Управление локализациями заданий'),
    ('control.method.tasks.localization.write','en','Manage task localizations'),
    ('control.method.tasks.reward.write','ru','Управление наградами заданий'),
    ('control.method.tasks.reward.write','en','Manage task rewards'),
    ('control.method.tasks.reward.delete','ru','Удаление наградами заданий'),
    ('control.method.tasks.reward.delete','en','Delete task rewards'),
    ('control.method.tasks.partner.config.write','ru','Управление конфигурациями партнеров'),
    ('control.method.tasks.partner.config.write','en','Manage partner configurations'),
    ('control.method.tasks.partner.config.read','ru','Просмотр конфигурациями партнеров'),
    ('control.method.tasks.partner.config.read','en','View partner configurations'),
    ('control.method.tasks.partner.reward.write','ru','Управление правилами наград партнеров'),
    ('control.method.tasks.partner.reward.write','en','Manage partner reward rules'),
    ('control.method.tasks.partner.reward.delete','ru','Удаление правилами наград партнеров'),
    ('control.method.tasks.partner.reward.delete','en','Delete partner reward rules'),
    ('control.method.tasks.stats.read','ru','Просмотр статистики заданий'),
    ('control.method.tasks.stats.read','en','View task statistics'),
    ('control.method.tasks.partner.stats.read','ru','Просмотр статистики партнерских заданий'),
    ('control.method.tasks.partner.stats.read','en','View partner task statistics'),
    ('control.method.tasks.export','ru','Экспорт заданий'),
    ('control.method.tasks.export','en','Export tasks'),
    ('control.method.tasks.import.preview','ru','Предпросмотр импорта заданий'),
    ('control.method.tasks.import.preview','en','Preview task import'),
    ('control.method.tasks.import','ru','Импорт заданий'),
    ('control.method.tasks.import','en','Import tasks'),
    ('control.method.payment.catalog.write','ru','Управление платежным каталогом'),
    ('control.method.payment.catalog.write','en','Manage payment catalog'),
    ('control.method.payment.catalog.read','ru','Просмотр платежным каталогом'),
    ('control.method.payment.catalog.read','en','View payment catalog'),
    ('control.method.payment.catalog.delete','ru','Удаление платежным каталогом'),
    ('control.method.payment.catalog.delete','en','Delete payment catalog entries'),
    ('control.method.payment.catalog_cache.rebuild','ru','Пересборка кеша платежного каталога'),
    ('control.method.payment.catalog_cache.rebuild','en','Rebuild payment catalog cache'),
    ('control.method.payment.localization.write','ru','Управление локализациями платежей'),
    ('control.method.payment.localization.write','en','Manage payment localizations'),
    ('control.method.payment.localization.read','ru','Просмотр локализациями платежей'),
    ('control.method.payment.localization.read','en','View payment localizations'),
    ('control.method.payment.localization.delete','ru','Удаление локализациями платежей'),
    ('control.method.payment.localization.delete','en','Delete payment localizations'),
    ('control.method.payment.asset.read','ru','Просмотр платежных активов'),
    ('control.method.payment.asset.read','en','View payment assets'),
    ('control.method.payment.asset_rate.read','ru','Просмотр курсами активов'),
    ('control.method.payment.asset_rate.read','en','View asset rates'),
    ('control.method.payment.provider.read','ru','Просмотр платежными провайдерами'),
    ('control.method.payment.provider.read','en','View payment providers'),
    ('control.method.payment.provider_transaction.read','ru','Просмотр транзакциями провайдеров'),
    ('control.method.payment.provider_transaction.read','en','View provider transactions'),
    ('control.method.payment.limit.read','ru','Просмотр платежных лимитов'),
    ('control.method.payment.limit.read','en','View payment limits'),
    ('control.method.payment.limit.delete','ru','Удаление платежных лимитов'),
    ('control.method.payment.limit.delete','en','Delete payment limits'),
    ('control.method.payment.purchase_key.write','ru','Управление ключами покупок'),
    ('control.method.payment.purchase_key.write','en','Manage purchase keys'),
    ('control.method.payment.purchase_key.read','ru','Просмотр ключами покупок'),
    ('control.method.payment.purchase_key.read','en','View purchase keys'),
    ('control.method.payment.order.read','ru','Просмотр платежных заказов'),
    ('control.method.payment.order.read','en','View payment orders'),
    ('control.method.payment.order.status.write','ru','Изменение статуса платежных заказов'),
    ('control.method.payment.order.status.write','en','Change payment order status'),
    ('control.method.payment.payment_attempt.read','ru','Просмотр попыток оплаты'),
    ('control.method.payment.payment_attempt.read','en','View payment attempts'),
    ('control.method.payment.payment_event.read','ru','Просмотр платежных событий'),
    ('control.method.payment.payment_event.read','en','View payment events'),
    ('control.method.payment.subscription.read','ru','Просмотр платежных подписок'),
    ('control.method.payment.subscription.read','en','View payment subscriptions'),
    ('control.method.payment.subscription.status.write','ru','Изменение статуса платежных подписок'),
    ('control.method.payment.subscription.status.write','en','Change subscription status'),
    ('control.method.payment.fulfillment.read','ru','Просмотр выдачами покупок'),
    ('control.method.payment.fulfillment.read','en','View payment fulfillments'),
    ('control.method.payment.fulfillment.status.write','ru','Изменение статуса выдачами покупок'),
    ('control.method.payment.fulfillment.status.write','en','Change fulfillment status'),
    ('control.method.payment.refund.write','ru','Управление возвратами платежей'),
    ('control.method.payment.refund.write','en','Create payment refunds'),
    ('control.method.payment.refund.read','ru','Просмотр возвратами платежей'),
    ('control.method.payment.refund.read','en','View payment refunds'),
    ('control.method.payment.refund.status.write','ru','Изменение статуса возвратами платежей'),
    ('control.method.payment.refund.status.write','en','Change refund status'),
    ('control.method.payment.refund.execute','ru','Выполнение возвратами платежей'),
    ('control.method.payment.refund.execute','en','Execute payment refunds'),
    ('control.method.payment.stats.read','ru','Просмотр статистики платежей'),
    ('control.method.payment.stats.read','en','View payment statistics'),
    ('control.method.payment.export','ru','Экспорт платежных данных'),
    ('control.method.payment.export','en','Export payment data'),
    ('control.method.payment.import.preview','ru','Предпросмотр импорта платежных данных'),
    ('control.method.payment.import.preview','en','Preview payment data import'),
    ('control.method.payment.import','ru','Импорт платежных данных'),
    ('control.method.payment.import','en','Import payment data'),
    ('control.method.control.workspace.create','ru','Создание рабочими областями'),
    ('control.method.control.workspace.create','en','Create workspaces'),
    ('control.method.control.workspace.read','ru','Просмотр рабочими областями'),
    ('control.method.control.workspace.read','en','View workspaces'),
    ('control.method.control.workspace.write','ru','Управление рабочими областями'),
    ('control.method.control.workspace.write','en','Manage workspaces'),
    ('control.method.control.member.read','ru','Просмотр участников рабочей области'),
    ('control.method.control.member.read','en','View workspace members'),
    ('control.method.control.member.remove','ru','Удаление участников рабочей области'),
    ('control.method.control.member.remove','en','Remove workspace members'),
    ('control.method.control.invite.read','ru','Просмотр приглашениями рабочей области'),
    ('control.method.control.invite.read','en','View workspace invites'),
    ('control.method.control.invite.write','ru','Управление приглашениями рабочей области'),
    ('control.method.control.invite.write','en','Create workspace invites'),
    ('control.method.control.invite.revoke','ru','Отзыв приглашениями рабочей области'),
    ('control.method.control.invite.revoke','en','Revoke workspace invites'),
    ('control.method.control.role.read','ru','Просмотр ролями рабочей области'),
    ('control.method.control.role.read','en','View workspace roles'),
    ('control.method.control.role.write','ru','Управление ролями рабочей области'),
    ('control.method.control.role.write','en','Manage workspace roles'),
    ('control.method.control.role.delete','ru','Удаление ролями рабочей области'),
    ('control.method.control.role.delete','en','Delete workspace roles'),
    ('control.method.control.role.member.write','ru','Управление ролями рабочей области'),
    ('control.method.control.role.member.write','en','Manage role members'),
    ('control.method.control.role.permission.write','ru','Управление ролями рабочей области'),
    ('control.method.control.role.permission.write','en','Manage role permissions'),
    ('control.method.control.method.read','ru','Просмотр каталога методов'),
    ('control.method.control.method.read','en','View method catalog'),
    ('control.method.control.audit.read','ru','Просмотр аудита рабочей области'),
    ('control.method.control.audit.read','en','View workspace audit'),
    ('control.method_group.control.global_invite','ru','Глобальные приглашения'),
    ('control.method_group.control.global_invite','en','Global invitations'),
    ('control.method_group.control.global_invite.description','ru','Одноразовые приглашения на платформу.'),
    ('control.method_group.control.global_invite.description','en','One-time platform invitations.'),
    ('control.method_group.control.global_limit','ru','Глобальные лимиты'),
    ('control.method_group.control.global_limit','en','Global limits'),
    ('control.method_group.control.global_limit.description','ru','Запросы на расширение лимитов.'),
    ('control.method_group.control.global_limit.description','en','Limit increase requests.'),
    ('control.method_group.control.global_member','ru','Участники платформы'),
    ('control.method_group.control.global_member','en','Platform members'),
    ('control.method_group.control.global_member.description','ru','Управление доступом участников к платформе.'),
    ('control.method_group.control.global_member.description','en','Manage member access to the platform.'),
    ('control.method_group.control.global_owner','ru','Владелец платформы'),
    ('control.method_group.control.global_owner','en','Platform owner'),
    ('control.method_group.control.global_owner.description','ru','Передача глобального владения.'),
    ('control.method_group.control.global_owner.description','en','Transfer global ownership.'),
    ('control.method_group.control.global_role','ru','Глобальные роли'),
    ('control.method_group.control.global_role','en','Global roles'),
    ('control.method_group.control.global_role.description','ru','Роли и права уровня платформы.'),
    ('control.method_group.control.global_role.description','en','Platform-level roles and access.'),
    ('control.method_group.control.workspace_invite','ru','Приглашения в рабочую область'),
    ('control.method_group.control.workspace_invite','en','Workspace invitations'),
    ('control.method_group.control.workspace_invite.description','ru','Одноразовые приглашения сотрудников.'),
    ('control.method_group.control.workspace_invite.description','en','One-time employee invitations.'),
    ('control.method_group.control.workspace_member','ru','Участники рабочей области'),
    ('control.method_group.control.workspace_member','en','Workspace members'),
    ('control.method_group.control.workspace_member.description','ru','Управление сотрудниками рабочей области.'),
    ('control.method_group.control.workspace_member.description','en','Manage workspace employees.'),
    ('control.method_group.control.workspace_owner','ru','Владелец рабочей области'),
    ('control.method_group.control.workspace_owner','en','Workspace owner'),
    ('control.method_group.control.workspace_owner.description','ru','Владение и лимит сотрудников.'),
    ('control.method_group.control.workspace_owner.description','en','Ownership and employee limit.'),
    ('control.method_group.control.workspace_role','ru','Роли рабочей области'),
    ('control.method_group.control.workspace_role','en','Workspace roles'),
    ('control.method_group.control.workspace_role.description','ru','Роли и права внутри рабочей области.'),
    ('control.method_group.control.workspace_role.description','en','Roles and access inside a workspace.'),
    ('control.method.control.global.invite.create','ru','Создание глобального приглашения'),
    ('control.method.control.global.invite.create','en','Create global invitation'),
    ('control.method.control.global.invite.create.description','ru','Создает одноразовое приглашение на платформу.'),
    ('control.method.control.global.invite.create.description','en','Creates a one-time platform invitation.'),
    ('control.method.control.global.invite.list','ru','Просмотр глобальных приглашений'),
    ('control.method.control.global.invite.list','en','List global invitations'),
    ('control.method.control.global.invite.list.description','ru','Показывает глобальные приглашения.'),
    ('control.method.control.global.invite.list.description','en','Lists global invitations.'),
    ('control.method.control.global.invite.revoke','ru','Отзыв глобального приглашения'),
    ('control.method.control.global.invite.revoke','en','Revoke global invitation'),
    ('control.method.control.global.invite.revoke.description','ru','Отзывает неиспользованное глобальное приглашение.'),
    ('control.method.control.global.invite.revoke.description','en','Revokes an unused global invitation.'),
    ('control.method.control.global.limit.list','ru','Просмотр запросов лимитов'),
    ('control.method.control.global.limit.list','en','List limit requests'),
    ('control.method.control.global.limit.list.description','ru','Показывает запросы на увеличение лимитов.'),
    ('control.method.control.global.limit.list.description','en','Lists limit increase requests.'),
    ('control.method.control.global.limit.approve','ru','Одобрение лимита'),
    ('control.method.control.global.limit.approve','en','Approve limit request'),
    ('control.method.control.global.limit.approve.description','ru','Одобряет новый лимит аккаунта или рабочей области.'),
    ('control.method.control.global.limit.approve.description','en','Approves a new account or workspace limit.'),
    ('control.method.control.global.limit.reject','ru','Отклонение лимита'),
    ('control.method.control.global.limit.reject','en','Reject limit request'),
    ('control.method.control.global.limit.reject.description','ru','Отклоняет запрос на увеличение лимита.'),
    ('control.method.control.global.limit.reject.description','en','Rejects a limit increase request.'),
    ('control.method.control.global.limit.cancel','ru','Отмена запроса лимита'),
    ('control.method.control.global.limit.cancel','en','Cancel limit request'),
    ('control.method.control.global.limit.cancel.description','ru','Отменяет собственный необработанный запрос лимита.'),
    ('control.method.control.global.limit.cancel.description','en','Cancels an own pending limit request.'),
    ('control.method.control.global.workspace_limit.request','ru','Запрос лимита рабочих областей'),
    ('control.method.control.global.workspace_limit.request','en','Request workspace limit'),
    ('control.method.control.global.workspace_limit.request.description','ru','Запрашивает увеличение лимита владения рабочими областями.'),
    ('control.method.control.global.workspace_limit.request.description','en','Requests an increase of the workspace ownership limit.'),
    ('control.method.control.global.member.list','ru','Просмотр участников платформы'),
    ('control.method.control.global.member.list','en','List platform members'),
    ('control.method.control.global.member.list.description','ru','Показывает участников платформы.'),
    ('control.method.control.global.member.list.description','en','Lists platform members.'),
    ('control.method.control.global.member.remove','ru','Удаление участника платформы'),
    ('control.method.control.global.member.remove','en','Remove platform member'),
    ('control.method.control.global.member.remove.description','ru','Закрывает участнику доступ к платформе.'),
    ('control.method.control.global.member.remove.description','en','Removes a member from the platform.'),
    ('control.method.control.global.owner.transfer','ru','Передача платформы'),
    ('control.method.control.global.owner.transfer','en','Transfer platform ownership'),
    ('control.method.control.global.owner.transfer.description','ru','Передает права владельца платформы.'),
    ('control.method.control.global.owner.transfer.description','en','Transfers platform ownership.'),
    ('control.method.control.global.workspace.create','ru','Создание рабочей области'),
    ('control.method.control.global.workspace.create','en','Create workspace'),
    ('control.method.control.global.workspace.create.description','ru','Разрешает аккаунту создавать рабочие области в пределах лимита.'),
    ('control.method.control.global.workspace.create.description','en','Allows an account to create workspaces within its limit.'),
    ('control.method.control.global.role.create','ru','Создание глобальной роли'),
    ('control.method.control.global.role.create','en','Create global role'),
    ('control.method.control.global.role.create.description','ru','Создает роль уровня платформы.'),
    ('control.method.control.global.role.create.description','en','Creates a platform-level role.'),
    ('control.method.control.global.role.get','ru','Просмотр глобальной роли'),
    ('control.method.control.global.role.get','en','View global role'),
    ('control.method.control.global.role.get.description','ru','Показывает глобальную роль по идентификатору.'),
    ('control.method.control.global.role.get.description','en','Views a global role by identifier.'),
    ('control.method.control.global.role.list','ru','Просмотр глобальных ролей'),
    ('control.method.control.global.role.list','en','List global roles'),
    ('control.method.control.global.role.list.description','ru','Показывает роли уровня платформы.'),
    ('control.method.control.global.role.list.description','en','Lists platform-level roles.'),
    ('control.method.control.global.role.update','ru','Изменение глобальной роли'),
    ('control.method.control.global.role.update','en','Update global role'),
    ('control.method.control.global.role.update.description','ru','Изменяет глобальную роль ниже своей позиции.'),
    ('control.method.control.global.role.update.description','en','Updates a global role below the actor position.'),
    ('control.method.control.global.role.delete','ru','Удаление глобальной роли'),
    ('control.method.control.global.role.delete','en','Delete global role'),
    ('control.method.control.global.role.delete.description','ru','Удаляет глобальную роль ниже своей позиции.'),
    ('control.method.control.global.role.delete.description','en','Deletes a global role below the actor position.'),
    ('control.method.control.global.role.member.assign','ru','Назначение глобальной роли'),
    ('control.method.control.global.role.member.assign','en','Assign global role'),
    ('control.method.control.global.role.member.assign.description','ru','Назначает участнику глобальную роль.'),
    ('control.method.control.global.role.member.assign.description','en','Assigns a global role to a member.'),
    ('control.method.control.global.role.member.remove','ru','Снятие глобальной роли'),
    ('control.method.control.global.role.member.remove','en','Remove global role'),
    ('control.method.control.global.role.member.remove.description','ru','Снимает глобальную роль с участника.'),
    ('control.method.control.global.role.member.remove.description','en','Removes a global role from a member.'),
    ('control.method.control.global.role.permission.list','ru','Просмотр прав глобальной роли'),
    ('control.method.control.global.role.permission.list','en','List global role access'),
    ('control.method.control.global.role.permission.list.description','ru','Показывает права глобальной роли.'),
    ('control.method.control.global.role.permission.list.description','en','Lists access assigned to a global role.'),
    ('control.method.control.global.role.permission.replace','ru','Изменение прав глобальной роли'),
    ('control.method.control.global.role.permission.replace','en','Replace global role access'),
    ('control.method.control.global.role.permission.replace.description','ru','Заменяет набор прав глобальной роли.'),
    ('control.method.control.global.role.permission.replace.description','en','Replaces access assigned to a global role.'),
    ('control.method.control.workspace.invite.create','ru','Создание приглашения сотрудника'),
    ('control.method.control.workspace.invite.create','en','Create workspace invitation'),
    ('control.method.control.workspace.invite.create.description','ru','Создает одноразовое приглашение в рабочую область.'),
    ('control.method.control.workspace.invite.create.description','en','Creates a one-time workspace invitation.'),
    ('control.method.control.workspace.invite.list','ru','Просмотр приглашений сотрудников'),
    ('control.method.control.workspace.invite.list','en','List workspace invitations'),
    ('control.method.control.workspace.invite.list.description','ru','Показывает приглашения в рабочую область.'),
    ('control.method.control.workspace.invite.list.description','en','Lists workspace invitations.'),
    ('control.method.control.workspace.invite.revoke','ru','Отзыв приглашения сотрудника'),
    ('control.method.control.workspace.invite.revoke','en','Revoke workspace invitation'),
    ('control.method.control.workspace.invite.revoke.description','ru','Отзывает неиспользованное приглашение сотрудника.'),
    ('control.method.control.workspace.invite.revoke.description','en','Revokes an unused workspace invitation.'),
    ('control.method.control.workspace.member.list','ru','Просмотр сотрудников'),
    ('control.method.control.workspace.member.list','en','List workspace members'),
    ('control.method.control.workspace.member.list.description','ru','Показывает сотрудников рабочей области.'),
    ('control.method.control.workspace.member.list.description','en','Lists workspace members.'),
    ('control.method.control.workspace.member.remove','ru','Удаление сотрудника'),
    ('control.method.control.workspace.member.remove','en','Remove workspace member'),
    ('control.method.control.workspace.member.remove.description','ru','Удаляет сотрудника из рабочей области.'),
    ('control.method.control.workspace.member.remove.description','en','Removes a member from the workspace.'),
    ('control.method.control.workspace.owner.transfer','ru','Передача рабочей области'),
    ('control.method.control.workspace.owner.transfer','en','Transfer workspace ownership'),
    ('control.method.control.workspace.owner.transfer.description','ru','Передает рабочую область другому участнику.'),
    ('control.method.control.workspace.owner.transfer.description','en','Transfers the workspace to another member.'),
    ('control.method.control.workspace.employee_limit.request','ru','Запрос лимита сотрудников'),
    ('control.method.control.workspace.employee_limit.request','en','Request employee limit'),
    ('control.method.control.workspace.employee_limit.request.description','ru','Запрашивает увеличение лимита сотрудников.'),
    ('control.method.control.workspace.employee_limit.request.description','en','Requests an employee limit increase.'),
    ('control.method.control.workspace.employee_limit.cancel','ru','Отмена запроса лимита сотрудников'),
    ('control.method.control.workspace.employee_limit.cancel','en','Cancel employee limit request'),
    ('control.method.control.workspace.employee_limit.cancel.description','ru','Отменяет ожидающий запрос увеличения лимита сотрудников.'),
    ('control.method.control.workspace.employee_limit.cancel.description','en','Cancels a pending employee limit increase request.'),
    ('control.method.control.workspace.role.create','ru','Создание роли рабочей области'),
    ('control.method.control.workspace.role.create','en','Create workspace role'),
    ('control.method.control.workspace.role.create.description','ru','Создает роль внутри рабочей области.'),
    ('control.method.control.workspace.role.create.description','en','Creates a role inside a workspace.'),
    ('control.method.control.workspace.role.list','ru','Просмотр ролей рабочей области'),
    ('control.method.control.workspace.role.list','en','List workspace roles'),
    ('control.method.control.workspace.role.list.description','ru','Показывает роли рабочей области.'),
    ('control.method.control.workspace.role.list.description','en','Lists workspace roles.'),
    ('control.method.control.workspace.role.get','ru','Просмотр роли рабочей области'),
    ('control.method.control.workspace.role.get','en','View workspace role'),
    ('control.method.control.workspace.role.get.description','ru','Показывает роль рабочей области.'),
    ('control.method.control.workspace.role.get.description','en','Views a workspace role.'),
    ('control.method.control.workspace.role.update','ru','Изменение роли рабочей области'),
    ('control.method.control.workspace.role.update','en','Update workspace role'),
    ('control.method.control.workspace.role.update.description','ru','Изменяет роль ниже своей позиции.'),
    ('control.method.control.workspace.role.update.description','en','Updates a role below the actor position.'),
    ('control.method.control.workspace.role.delete','ru','Удаление роли рабочей области'),
    ('control.method.control.workspace.role.delete','en','Delete workspace role'),
    ('control.method.control.workspace.role.delete.description','ru','Удаляет роль ниже своей позиции.'),
    ('control.method.control.workspace.role.delete.description','en','Deletes a role below the actor position.'),
    ('control.method.control.workspace.role.member.assign','ru','Назначение роли сотруднику'),
    ('control.method.control.workspace.role.member.assign','en','Assign workspace role'),
    ('control.method.control.workspace.role.member.assign.description','ru','Назначает сотруднику роль рабочей области.'),
    ('control.method.control.workspace.role.member.assign.description','en','Assigns a workspace role to a member.'),
    ('control.method.control.workspace.role.member.remove','ru','Снятие роли сотрудника'),
    ('control.method.control.workspace.role.member.remove','en','Remove workspace role'),
    ('control.method.control.workspace.role.member.remove.description','ru','Снимает роль рабочей области с сотрудника.'),
    ('control.method.control.workspace.role.member.remove.description','en','Removes a workspace role from a member.'),
    ('control.method.control.workspace.role.permission.list','ru','Просмотр прав роли'),
    ('control.method.control.workspace.role.permission.list','en','List workspace role access'),
    ('control.method.control.workspace.role.permission.list.description','ru','Показывает права роли рабочей области.'),
    ('control.method.control.workspace.role.permission.list.description','en','Lists access assigned to a workspace role.'),
    ('control.method.control.workspace.role.permission.replace','ru','Изменение прав роли'),
    ('control.method.control.workspace.role.permission.replace','en','Replace workspace role access'),
    ('control.method.control.workspace.role.permission.replace.description','ru','Заменяет набор прав роли рабочей области.'),
    ('control.method.control.workspace.role.permission.replace.description','en','Replaces access assigned to a workspace role.'),
    ('control.method.control.global.method.get','ru','Просмотр права'),
    ('control.method.control.global.method.get','en','View access'),
    ('control.method.control.global.method.get.description','ru','Показывает статичное право по ключу.'),
    ('control.method.control.global.method.get.description','en','Views static access by key.'),
    ('control.method.control.global.method.list','ru','Просмотр каталога прав'),
    ('control.method.control.global.method.list','en','List access catalog'),
    ('control.method.control.global.method.list.description','ru','Показывает каталог доступных прав.'),
    ('control.method.control.global.method.list.description','en','Lists the static access catalog.'),
    ('control.method.control.global.audit.list','ru','Просмотр глобального аудита'),
    ('control.method.control.global.audit.list','en','List global audit'),
    ('control.method.control.global.audit.list.description','ru','Показывает глобальные события аудита.'),
    ('control.method.control.global.audit.list.description','en','Lists global audit events.'),
    ('control.method.control.workspace.audit.list','ru','Просмотр аудита рабочей области'),
    ('control.method.control.workspace.audit.list','en','List workspace audit'),
    ('control.method.control.workspace.audit.list.description','ru','Показывает события аудита рабочей области.'),
    ('control.method.control.workspace.audit.list.description','en','Lists workspace audit events.'),
    ('control.method.control.workspace.archive','ru','Архивация рабочей области'),
    ('control.method.control.workspace.archive','en','Archive workspace'),
    ('control.method.control.workspace.archive.description','ru','Архивирует рабочую область и освобождает лимит владения.'),
    ('control.method.control.workspace.archive.description','en','Archives a workspace and releases its ownership slot.')
ON CONFLICT (localization_key, locale) DO UPDATE SET
    value = EXCLUDED.value,
    updated_at = now();
